{"cameraMode":{"drawMode":0,"name":"Shaded","section":"Shading Mode"},"sceneLighting":false,"audioPlay":false,"sceneViewState":{"showFog":true,"showMaterialUpdate":false,"showSkybox":false,"showFlares":true,"showImageEffects":true,"showParticleSystems":true},"in2DMode":false,"pivot":{"x":-11.138052940368653,"y":-1.4611808061599732,"z":0.3867979347705841},"rotation":{"x":-0.0019127706764265895,"y":0.7032748460769653,"z":-0.710930347442627,"w":-0.0019047827227041126},"size":2.016629457473755,"orthographic":false}